CJD.CB_vs_CJD.FC	AveExpr	F	P.Value	adj.P.Val
TBR1	5.91663333333333	7.4963	2201.55906647607	7.85390570921233e-47	6.28312456736986e-44
NRGN	8.46537619047618	9.51913043478261	711.502887125616	1.77165213319679e-36	7.08660853278714e-34
TSPAN18	-3.87122261904762	6.34739347826087	591.186555266173	8.49842330530974e-35	2.26624621474927e-32
FGF13	4.12497857142857	6.69317608695652	540.743080325002	5.44558526511325e-34	1.08911705302265e-31
IRF6	-3.91420833333334	6.36594782608696	501.738659070874	2.58078825366425e-33	4.12926120586281e-31
TP73	-2.49781666666667	5.45997608695652	404.612238497559	2.21472065125025e-31	2.95296086833366e-29
LINGO1	2.80619523809524	9.02363695652174	386.368446435673	5.73029815012159e-31	6.54891217156753e-29
DLX1	2.69599999999999	6.01054130434783	382.99459903962	6.86407604795546e-31	6.86407604795546e-29
MEF2C	3.40048690476191	10.0023326086957	306.362096384306	6.65707821797628e-29	5.91740286042336e-27
ETS2	1.94178571428571	10.0635413043478	301.012541621792	9.53325302003532e-29	7.62660241602826e-27
CHN2	-2.744	10.001797826087	282.857586114564	3.38033154563712e-28	2.45842294228154e-26
PIK3R1	2.13616428571429	11.3092652173913	276.22964362111	5.47079830650653e-28	3.64719887100436e-26
RELN	-4.90514523809525	10.3750108695652	269.383831001063	9.10078196741735e-28	5.60048121071837e-26
CX3CL1	3.07824880952381	8.38988260869565	241.297397258095	8.4216269106795e-27	4.812358234674e-25
KDM4C	-1.97370952380953	9.3310652173913	231.674902576849	1.91003622147744e-26	1.01868598478797e-24
DAPK1	2.60232976190476	7.83275434782609	202.278362890746	2.88739242416292e-25	1.44369621208146e-23
E2F1	2.27636547619047	5.59443695652174	189.032676205198	1.10982355440261e-24	5.22269907954168e-23
GRIN2B	3.91649999999999	7.66949347826087	161.524799906674	2.46519056130112e-23	1.09564024946717e-21
SERPINF1	4.10054880952381	8.01644347826087	160.191165283137	2.89986645943521e-23	1.22099640397272e-21
IL1RAP	2.40986785714286	7.13732608695652	155.634915746522	5.09864849765334e-23	2.03945939906134e-21
PPFIA4	-1.79118333333333	9.40977391304348	151.416040992866	8.71575797737825e-23	3.32028875328695e-21
RTN4RL1	1.80332142857143	7.4597152173913	146.66543666595	1.62066146098545e-22	5.63708334255809e-21
ADAMTS16	-3.72285476190476	6.54851304347826	146.188785378833	1.72646573171665e-22	5.75488577238883e-21
ISLR2	2.97919523809524	6.0880152173913	139.513845511756	4.27144044655015e-22	1.36686094289605e-20
CCNG2	-1.48163095238095	10.3317565217391	133.245917429344	1.0371252262423e-21	3.19115454228399e-20
FSCN1	2.6476869047619	8.97695434782609	119.889684476444	7.84053814879317e-21	2.16290707552915e-19
SUV39H2	-1.45139166666667	8.23007391304348	113.040080529081	2.39524557979244e-20	6.38732154611317e-19
PACSIN1	1.24954761904762	11.9224782608696	112.611240149244	2.57380159230768e-20	6.64206862531015e-19
BCL2L2	1.22813928571428	9.71944782608696	110.785391324408	3.50516504056973e-20	8.53461128781077e-19
LDLRAD3	-1.45542142857143	8.42242173913044	110.655616723955	3.58357396335159e-20	8.53461128781077e-19
RAB6B	1.62626071428571	11.1335760869565	110.584676292198	3.62720979731958e-20	8.53461128781077e-19
ARHGAP24	2.39306547619047	5.80975217391304	107.267915721503	6.43739711927253e-20	1.44310687076409e-18
PLD1	2.21109047619048	5.85262391304348	107.218003304607	6.49398091843841e-20	1.44310687076409e-18
DLX2	1.84098571428571	5.38884782608696	100.185505065201	2.31314805346191e-19	5.0014011966744e-18
LMNB1	-1.92504523809524	8.80481739130435	99.0939379383148	2.8369635589674e-19	5.97255486098401e-18
DUSP7	1.610925	8.67094565217391	98.4531020385308	3.20107360146127e-19	6.40214720292254e-18
FANCC	-2.43557142857143	5.81220869565217	96.1468351306677	4.97182705462756e-19	9.7011259602489e-18
MAPT	1.15903571428571	11.7335652173913	95.8908362092015	5.22380179778272e-19	9.95009866244328e-18
NRP2	2.02457738095238	7.04055	94.058155037688	7.46726730548418e-19	1.38925903357845e-17
ARC	3.06097261904762	6.59151086956522	92.6729588607839	9.82185182900392e-19	1.74610699182292e-17
MAPK10	1.42457619047618	11.0767782608696	91.2967507117664	1.29414739453984e-18	2.25069112093885e-17
GRM2	2.71026547619047	6.93594347826087	89.6874131473315	1.79496476849462e-18	3.05525918041637e-17
APC	1.00581785714285	10.3548413043478	89.2902520685159	1.94739632135423e-18	3.24566053559038e-17
SALL1	2.35869880952381	6.20235434782609	88.4321818541516	2.32486066601018e-18	3.71977706561629e-17
CAMK4	-2.16560476190476	9.8711	87.4325717369538	2.86314241069402e-18	4.49120378148082e-17
PRKCQ	1.78630357142856	5.37593913043478	85.5244814922844	4.28523592317717e-18	6.59267065104181e-17
PIK3R2	1.82663214285714	9.45503043478261	85.1494478262341	4.64289299730905e-18	7.00814037329668e-17
MFGE8	1.61549642857142	8.79049565217391	84.2883366225239	5.58755888334044e-18	8.27786501235621e-17
LACC1	1.8864369047619	6.53674782608696	78.8448615054203	1.87270230219221e-17	2.72393062137049e-16
GRIA4	-1.76849047619048	11.1979956521739	78.170778337252	2.18589379780045e-17	3.12270542542921e-16
VIM	2.65255714285714	10.2319913043478	77.7465782039693	2.41070135046134e-17	3.38344049187556e-16
DOCK1	2.1201369047619	8.82110869565217	77.3321334129811	2.65380443139863e-17	3.66041990537742e-16
CFLAR	-1.40007142857143	7.84539565217391	75.9494295464995	3.66816617472776e-17	4.89088823297035e-16
PRKAR2B	1.74937738095237	9.49656304347826	75.6757501778223	3.91316552226757e-17	5.13202035707223e-16
CREM	1.14207380952381	8.19268913043478	74.6053629067388	5.04860790544781e-17	6.51433278122298e-16
BAD	1.17854166666666	9.27251304347826	73.1124032421945	7.239872584452e-17	9.19348899612953e-16
RALB	1.28919642857143	9.68283913043478	71.9283930606757	9.67824632545182e-17	1.20978079068148e-15
PINK1	1.53180833333333	10.6558195652174	68.2657577512251	2.43765091879529e-16	3.00018574620959e-15
TARBP2	-1.18578571428572	7.75073260869565	68.1264276512897	2.52685383325963e-16	3.03509252351114e-15
GRM3	2.16412023809523	8.78402608695652	68.1034498976889	2.54188998844058e-16	3.03509252351114e-15
CNTNAP2	1.40001547619047	8.8655347826087	65.9340923826975	4.48432237358289e-16	5.27567338068576e-15
PILRA	-1.34465952380953	7.80217391304348	65.2486138098366	5.3824468613455e-16	6.24051810011072e-15
SLC17A7	1.57735357142857	11.4630195652174	64.6889964908586	6.25476585394325e-16	7.148303833078e-15
AMIGO2	1.73814642857142	6.53869782608696	64.2327522565241	7.07512112236072e-16	7.97196746181489e-15
TP53BP2	1.79991309523809	9.10649130434783	62.4823180836245	1.14285352839012e-15	1.2698372537668e-14
OPTN	1.14134523809524	10.9447260869565	61.8338230687566	1.36881832590981e-15	1.46007288097046e-14
RIPK2	1.49555238095238	6.76517608695652	59.854854134409	2.39677197634985e-15	2.49015270270115e-14
SPINT1	-2.12019523809524	5.87301304347826	57.7831092751724	4.37853647694462e-15	4.49080664302013e-14
PRDX1	1.14560714285713	12.2726304347826	57.6998658108878	4.48745284197433e-15	4.54425604250565e-14
PROS1	1.68433214285714	6.7804	57.5210657712037	4.73109510719233e-15	4.73109510719233e-14
HDAC1	1.58139523809523	7.38874782608696	57.4104990655904	4.88865374166962e-15	4.82829999177246e-14
MERTK	1.91219761904761	8.62954347826087	56.9502009850188	5.60602714106885e-15	5.46929477177449e-14
BNIP3	1.05819404761905	11.0885891304348	56.2840541937578	6.845329454503e-15	6.5979079079547e-14
EEF2K	-1.26571071428572	8.64839565217391	55.0455729487198	9.97336462993351e-15	9.49844250469859e-14
FKBP5	2.23797142857143	8.40864347826087	53.5184446861296	1.60111894632457e-14	1.45556267847689e-13
STMN1	1.63639285714285	12.2754347826087	50.8710076346351	3.7322139901093e-14	3.24679705911121e-13
GCLC	1.06433452380952	8.78519565217391	50.8696910333641	3.7338166179779e-14	3.24679705911121e-13
OLIG2	2.01334761904762	8.62573260869565	50.830459158037	3.78190349774358e-14	3.25325032063964e-13
MAFB	2.0819988095238	6.49517826086957	50.6834221804258	3.96797415829984e-14	3.30664513191654e-13
HIST1H1D	-1.41306547619048	8.01502608695652	50.2062360551601	4.64072533568095e-14	3.82740233870593e-13
TMC7	-1.10328333333334	7.59117391304348	50.025546708206	4.9257390273103e-14	4.02101145086555e-13
NWD1	2.62270476190476	6.22851304347826	49.9424532503154	5.06290291757979e-14	4.09123468087255e-13
ESAM	1.21304761904762	7.87037826086957	49.2371499591537	6.40130071981145e-14	5.12104057584916e-13
GADD45A	2.20700833333333	7.95152826086957	48.9784118483373	6.98103922165246e-14	5.50618033074076e-13
SLC44A1	1.18645476190476	8.98154782608696	48.9616769655686	7.02037992169447e-14	5.50618033074076e-13
MOBP	2.89588809523809	10.4572608695652	48.6930787595764	7.68457158671575e-14	5.96859929065301e-13
SLC17A6	1.10179404761904	5.59459565217391	48.337449170412	8.66674203410996e-14	6.66672464162304e-13
TRADD	1.75908809523809	5.21382826086957	47.7929106757866	1.0433089425394e-13	7.94902051458593e-13
BCAS1	2.63718095238094	9.27420434782609	47.624350771961	1.10532814775585e-13	8.26413568415592e-13
MAL	2.51888095238095	7.57432826086957	47.2639333658569	1.25124428198291e-13	9.18344427143423e-13
SYP	1.35786904761904	11.5363043478261	47.2181548265284	1.2711721640896e-13	9.24488846610616e-13
CABLES1	2.15003571428571	8.97890869565217	46.3882438738203	1.69627252702157e-13	1.22253875821375e-12
EZH1	-1.00061428571429	9.63973043478261	45.1706882160231	2.60867577888766e-13	1.86333984206262e-12
CLIC4	1.56194761904762	9.22021086956522	44.7559447769045	3.02664280457672e-13	2.12395986286086e-12
RAPGEF3	2.36971190476191	7.5882847826087	44.6224699748148	3.17561427593779e-13	2.20912297456542e-12
NEFL	3.19515476190476	10.6047869565217	44.5792926834862	3.22543159992074e-13	2.22443558615223e-12
OPALIN	3.31069285714285	8.00010869565217	43.8036562773676	4.27435606646709e-13	2.89786851963871e-12
HRK	2.26176428571428	5.3842152173913	43.7554305238403	4.35037888667784e-13	2.92462446163216e-12
PPP3R1	1.00027380952381	13.0866304347826	43.6960094549877	4.44600070936766e-13	2.96400047291177e-12
BIRC3	1.92298333333333	5.15695217391304	43.396554578916	4.96251194308915e-13	3.28099963179448e-12
PADI2	2.28257380952381	6.93938260869565	42.3026696677506	7.45031973331417e-13	4.84573641191165e-12
CNP	2.06849404761905	11.0530413043478	42.1836981779639	7.79061429657704e-13	4.94665577732532e-12
PLEKHB1	2.19095238095237	11.1638543478261	42.0148779123502	8.30166715190117e-13	5.22939663111885e-12
JAG1	1.33386071428571	5.84402391304348	41.8836840831265	8.72299395718163e-13	5.45187122323852e-12
BARD1	1.91041309523809	5.66415	41.815955261272	8.94920714801395e-13	5.54989590574509e-12
NQO1	2.08351547619047	8.22292826086957	41.463330464787	1.02303485962561e-12	6.29559913615758e-12
RSAD2	2.1710369047619	5.84905869565217	40.7613244733383	1.3386270219874e-12	8.10100335690039e-12
JAM2	1.37082142857143	8.78737173913044	40.7455494189008	1.34679180808469e-12	8.10100335690039e-12
KIT	-1.15157619047619	7.39039782608696	40.0052739842756	1.79506243797971e-12	1.06374070398797e-11
TMEM173	1.61468214285714	5.98277391304348	39.8550006839265	1.90377189965756e-12	1.10363588385945e-11
NFKB2	1.59870119047619	5.97003695652174	39.6465406982689	2.06611336118021e-12	1.18268323811755e-11
CDKN1C	1.81558928571428	6.53749347826087	39.6421363269476	2.06969566670571e-12	1.18268323811755e-11
KCNJ10	2.52999523809524	7.35561086956522	39.3574710205472	2.31559083596603e-12	1.31381040338498e-11
AXL	1.84943571428571	8.583	39.1554078640283	2.5085650764665e-12	1.41327609941775e-11
SNCA	1.28802499999999	10.4597347826087	38.5944309271183	3.13779043213811e-12	1.75540723476258e-11
GAL3ST1	2.01084285714286	6.42279565217391	38.1141164427282	3.80768375710118e-12	2.11537986505621e-11
TP53	1.27801428571428	6.6191347826087	38.0465097872217	3.91336764958510e-12	2.14431104086855e-11
COX5B	1.10410714285714	12.3411304347826	38.0281874922681	3.94253498121546e-12	2.14559726868868e-11
SOX10	2.13484642857143	6.52140652173913	37.1683680170179	5.60251300563766e-12	2.96821881093386e-11
ASB2	1.50926428571428	5.36300217391304	36.9649692993068	6.09330018244492e-12	3.20700009602365e-11
NPTX1	-1.53235000000001	11.3499804347826	36.6700667585373	6.88627124639971e-12	3.57728376436349e-11
F3	3.17782380952381	8.03998043478261	36.1475658915008	8.56786122773238e-12	4.39377498858071e-11
ANAPC15	1.47829047619047	6.52508043478261	36.1130343346193	8.69316055065041e-12	4.42963594937601e-11
PNOC	1.12548571428571	5.28629347826087	36.0152541688263	9.05847386528867e-12	4.58656904571578e-11
HELLS	-2.34385476190477	7.08096739130435	35.872642218427	9.6203474083356e-12	4.84042636897388e-11
INPP5D	1.52461428571428	6.57570217391304	35.6870060361769	1.0406904720195e-11	5.20345236009748e-11
BDNF	-1.88960833333334	6.89199565217391	35.5786421754688	1.08969060483593e-11	5.41461170104807e-11
PMP22	1.74609047619047	9.20933260869565	35.5229840278277	1.11579116909031e-11	5.51007984735958e-11
TM4SF1	1.278525	6.11162391304348	35.4428395466078	1.154529603803e-11	5.66640296345033e-11
TLR2	1.58456071428571	5.9738847826087	35.320543392761	1.21637771035275e-11	5.93354980659876e-11
PLXDC2	1.74962976190475	9.33760869565217	35.0328074753754	1.37597006266565e-11	6.67137000080315e-11
OSMR	1.30144523809524	7.18498913043478	35.0066758841484	1.39151121620176e-11	6.70607815036993e-11
IFIH1	1.67799642857143	5.80999782608696	34.9338024908644	1.43582920488133e-11	6.87822373595847e-11
SOD2	1.36157142857142	11.698652173913	34.3004829477632	1.88921642786234e-11	8.9430363449105e-11
TNFRSF1A	1.27451666666666	8.19551739130435	34.2151097819772	1.96094154410533e-11	9.2279602075545e-11
GDPD2	2.06598095238095	5.66602826086956	32.6414659680123	3.94372035867847e-11	1.83428853892022e-10
NPL	1.447475	6.60690434782609	31.9420383900533	5.42018520947694e-11	2.50644402750379e-10
PTGER3	2.11203928571428	5.3291347826087	31.6966516848669	6.06676318114847e-11	2.78931640512573e-10
TMCC3	1.48813095238095	6.62987173913043	31.6499481078389	6.19871061881605e-11	2.83369628288734e-10
IFITM3	1.56532023809523	10.4914608695652	31.2316308226365	7.52345910713481e-11	3.40043349475019e-10
PECAM1	1.25694404761904	8.54569565217391	31.1745299631673	7.72607026164369e-11	3.46485580654662e-10
TLR4	1.8421369047619	7.55143260869565	31.167165362843	7.75261486714806e-11	3.46485580654662e-10
RAD51B	1.31199642857143	6.49302608695652	30.9137537608131	8.72666984147603e-11	3.83589883141804e-10
PSMB8	1.63752619047619	6.93778913043478	30.8232829128291	9.10474811097273e-11	3.9802177534307e-10
PLLP	1.91484047619047	7.66979347826087	30.7806442395496	9.28884212139067e-11	4.03862700930029e-10
POLE	-1.84082023809524	7.88955	30.5164787908404	1.05197168724315e-10	4.54906675564606e-10
GRN	1.30211428571428	8.7156	30.492537779733	1.06394059076962e-10	4.57608856244999e-10
PLP1	2.49330238095238	12.2575173913043	30.4089476989047	1.10685976543528e-10	4.73522894303863e-10
CD209	-1.2745380952381	5.01702826086957	30.2648901579947	1.1851314208906e-10	5.01642929477503e-10
S1PR5	2.35442857142857	6.17279565217391	29.8551732434436	1.44106206369893e-10	6.00442526541222e-10
MYRF	2.43656547619047	8.28370869565217	29.4053802620151	1.7897984313305e-10	7.41885360136995e-10
RPS2	1.01244047619048	11.7512391304348	29.295997343819	1.88728451881752e-10	7.7427057182257e-10
BRCA1	1.24043452380952	5.27734782608696	29.1887117308768	1.98831135341675e-10	8.11555654455818e-10
C3AR1	1.49349642857143	6.08465652173913	29.1435116599008	2.03255453116059e-10	8.21234154004278e-10
ERBB3	1.58557142857143	5.18967173913043	28.779735162573	2.42841867866875e-10	9.66534797480101e-10
HSPB1	1.92506428571428	9.05443478260869	28.7291197206489	2.48958713016118e-10	9.85975101053933e-10
TGFB1	1.5750869047619	7.85115217391304	28.0075363378563	3.56060920378252e-10	1.3895060307444e-09
S1PR3	1.50813928571428	6.18587391304348	27.8561140891077	3.84118407843164e-10	1.48746452465587e-09
LGMN	1.61017857142857	8.9702	27.8392450937443	3.87384337388366e-10	1.48993975918602e-09
CCL2	1.84172023809523	5.57789130434783	27.7405458671486	4.07084560724356e-10	1.55079832656898e-09
HDAC4	1.32334642857142	9.06067391304348	27.5585297319887	4.46214073728763e-10	1.69180691461143e-09
CASP7	1.39418571428571	6.35150652173913	27.1138018379251	5.59311560344038e-10	2.11060966167562e-09
SOCS3	1.26276547619047	6.2939	27.0322653363715	5.83114469650907e-10	2.18972500922417e-09
C1QA	1.52444761904761	6.47542173913043	26.8662995638599	6.34899243323431e-10	2.35147867897567e-09
FCGR1A	1.63074166666666	6.99636086956522	26.5311376391392	7.54701045798384e-10	2.78230800294335e-09
GPR62	1.5796619047619	5.60971304347826	26.2775901851758	8.60931749678055e-10	3.14495616320751e-09
EBI3	1.73636309523809	5.4233	26.2482426229606	8.74201320805307e-10	3.17891389383748e-09
BCL2	1.64176190476191	7.95011086956522	26.0131599584703	9.88537064630392e-10	3.56229572839781e-09
RPS9	1.09193571428571	10.4793086956522	25.5897479947703	1.23570835859499e-09	4.41324413783925e-09
HLA-E	1.38666309523809	9.16122608695652	25.5310936123301	1.27474172538768e-09	4.53241502360066e-09
SOX9	1.58006428571428	9.66118043478261	25.2255917556624	1.49998513647811e-09	5.28629122987882e-09
OAS1	1.72549285714286	6.46771739130435	25.0882739441055	1.61444967729944e-09	5.61547713843283e-09
NGFR	-1.09112142857143	6.61835652173913	25.0448383409875	1.65253091937274e-09	5.72305080302249e-09
PLD2	1.10873452380952	5.35824130434783	24.8878343274231	1.7982078590513e-09	6.14771917624376e-09
TET1	-1.02188928571429	7.24861086956522	24.5312842743324	2.18122837927825e-09	7.42545831243659e-09
TNFRSF1B	1.28310119047619	6.03317608695652	24.3739128838992	2.37659907051227e-09	8.0562680356348e-09
IRAK1	1.42401309523809	7.97349565217391	24.2849910677312	2.49501048338014e-09	8.42197631520722e-09
SPP1	1.38960833333333	10.2251934782609	24.2065692936607	2.60456398352782e-09	8.75483691942123e-09
CD84	1.43011071428571	6.19900652173913	24.1611770182153	2.67026549230317e-09	8.93812717088927e-09
EMCN	1.222075	6.02654130434783	24.0405726052775	2.85339519813429e-09	9.47185128011383e-09
SLC2A5	1.25623809523809	6.00885652173913	23.8666908139088	3.14088536306779e-09	1.0383092109315e-08
C1QC	1.51182976190476	7.16013043478261	23.6648052008787	3.51310283914201e-09	1.1565770663842e-08
CYP7B1	1.09427857142857	7.39880652173913	23.649453898389	3.54323296877365e-09	1.16171572746677e-08
TRPM4	1.2089619047619	6.30425	23.448121535803	3.96440365903774e-09	1.28401737944542e-08
HMOX1	1.04740714285714	6.25522391304348	23.4060445762205	4.05886271324953e-09	1.30357380172397e-08
MOG	2.5327630952381	8.1428652173913	23.403480738486	4.0646938968749e-09	1.30357380172397e-08
TIE1	1.58964166666666	5.95347391304348	23.3995424840082	4.0736681303874e-09	1.30357380172397e-08
TMEM144	2.08550714285714	8.58528695652174	23.3726739850307	4.13545020630201e-09	1.31807177890104e-08
TMEM204	1.5488119047619	6.40528260869565	23.3248879768242	4.24776530484759e-09	1.34316689481347e-08
LTC4S	-1.17925952380953	7.55193913043478	23.1062383221894	4.80391753532807e-09	1.50711138363234e-08
TMEM119	1.72076309523809	5.8497	22.9569323802619	5.22709131659166e-09	1.63346603643489e-08
LTBR	1.20541071428571	5.65746739130435	22.8831049762163	5.45058178226855e-09	1.6952725987476e-08
C4A	1.09425	8.19393913043478	22.8777250111792	5.46725413096101e-09	1.6952725987476e-08
TCIRG1	1.17839642857143	6.73909782608696	22.8359534557849	5.59853263473955e-09	1.72927648949484e-08
IFITM2	1.05233452380952	8.58914565217391	22.7419199787809	5.90627533534197e-09	1.8034428504861e-08
TNFRSF25	-1.29048333333333	9.58599782608696	22.7188182228372	5.98455565610842e-09	1.82039715775161e-08
IL6R	1.12505595238095	6.41077173913043	22.612075924304	6.36060726429127e-09	1.92745674675493e-08
ITGA6	1.79377261904762	7.39383695652174	22.4085926448922	7.14760284550979e-09	2.14965499113076e-08
LST1	1.35302976190476	6.51456956521739	22.2425095872405	7.86529183729143e-09	2.3391202490086e-08
OSGIN1	1.6513	5.38709782608696	21.9859758216775	9.12567563974254e-09	2.69392638811588e-08
SRGN	1.02855119047619	8.59046956521739	21.7332760141193	1.05752009765759e-08	3.0989599931358e-08
ICAM2	1.26969285714285	7.00125217391304	21.6393941235674	1.11734261389505e-08	3.26176758814105e-08
SLCO2B1	1.46820119047619	8.33875652173913	21.6334726758318	1.12123260842349e-08	3.26176758814105e-08
TGM2	1.12285833333333	7.68207826086957	21.3251846539998	1.34466845472227e-08	3.85568015690973e-08
ANXA1	1.53717738095238	7.53797826086956	21.1652236424073	1.4785213365049e-08	4.2093134135371e-08
P2RY12	2.08325357142857	7.67963913043478	21.0532822713816	1.58043411994635e-08	4.4835010494932e-08
MYORG	1.86913571428571	8.61968695652174	20.7347384348759	1.91269957798264e-08	5.36898127153023e-08
NOSTRIN	1.43373809523809	6.62778260869565	20.521879743641	2.17487348247597e-08	5.97903362879993e-08
MSN	1.25302380952381	8.65892173913043	20.4219711664045	2.31064668892576e-08	6.33053887376919e-08
SLC6A1	1.48951904761904	10.2293804347826	20.2243337894528	2.60601652876579e-08	7.06716346783942e-08
WAS	1.15989523809524	6.08466739130435	20.2170139460842	2.61768690474199e-08	7.07482947227566e-08
GBP2	1.30761428571428	6.62975652173913	20.0940499622513	2.82212579005951e-08	7.57617661760942e-08
MAFF	1.312275	5.87636304347826	20.0235395400773	2.94682974052547e-08	7.88449428903134e-08
GFAP	2.01740476190476	14.8568260869565	19.94518330025	3.09219916257354e-08	8.21846953507919e-08
EMP1	1.14383928571428	7.50747608695652	19.9326841206799	3.11607331491225e-08	8.22725627699604e-08
MCM2	-1.27744166666667	5.68326739130435	19.8610255672615	3.25671892394432e-08	8.5422135710015e-08
C1QB	1.49847380952381	7.93714130434783	19.7884468474318	3.40595659511318e-08	8.90446168657042e-08
PTX3	-1.04004880952381	5.63637391304348	19.7809702851909	3.42173143383932e-08	8.91656399697541e-08
LAIR1	1.53744880952381	5.96773913043478	19.7368394218993	3.51641393575422e-08	9.12001960801787e-08
MYC	1.08572619047619	6.42915434782609	19.732830603701	3.5251495901096e-08	9.12001960801787e-08
ST8SIA6	1.36179404761905	5.78354347826087	19.7287762365375	3.53400759810693e-08	9.12001960801787e-08
MAG	2.36760714285714	8.1229152173913	19.6686755574711	3.66808252542986e-08	9.4053398087945e-08
FA2H	2.11696547619048	6.95444782608696	19.5491447546402	3.95079943518323e-08	1.00657310450528e-07
CYP27A1	1.1684369047619	7.23697608695652	19.2337286615536	4.81183496816481e-08	1.22205332524821e-07
EGFR	1.30532261904762	6.84832826086957	18.8001429837718	6.32856473103001e-08	1.59075177921328e-07
DOCK2	1.58247380952381	5.89195652173913	18.7965301167806	6.34312271961295e-08	1.59075177921328e-07
LILRB4	1.53660952380952	6.1231847826087	18.5197361385478	7.56957535968087e-08	1.88649853200769e-07
CRIP1	1.60587023809523	6.20446086956522	18.3956200406604	8.1978446521952e-08	2.01793099130959e-07
TLR9	-1.01164047619048	5.96090869565217	18.2765314330839	8.85208488004967e-08	2.14595997092113e-07
UGT8	1.54769880952381	8.3705652173913	18.189244694308	9.36616915390335e-08	2.25690822985623e-07
CD68	1.21370714285714	6.4148652173913	17.7759776765922	1.22606386319578e-07	2.88485614869595e-07
NINJ2	1.60503333333333	5.20798043478261	17.7470220463852	1.24957426219573e-07	2.92298073028241e-07
IL15RA	1.23839166666666	4.99898913043478	17.5613251315469	1.41200645052843e-07	3.24599184029524e-07
VAV1	1.26727976190476	5.0167847826087	17.3064578727173	1.67175230449408e-07	3.78867377789027e-07
OLFML3	1.65200357142857	6.18209347826087	16.9204725533989	2.16438344288252e-07	4.83661104554753e-07
TNFSF12	1.38905714285714	7.18445434782609	16.8175886422793	2.31983863415918e-07	5.15519696479818e-07
ALDH1L1	1.37170952380952	8.82783695652174	16.7822200359353	2.37594129303051e-07	5.25069899012268e-07
LSR	1.15932380952381	6.44557826086957	16.448776909073	2.98017094102694e-07	6.49628543003147e-07
FCER1G	1.35642142857143	6.82658695652174	16.3466747274612	3.19580366941248e-07	6.92857164100267e-07
AIF1	1.54349166666666	7.98315869565217	16.3339602097469	3.22377676625801e-07	6.97032814326057e-07
S100A10	1.14073928571428	7.89512608695652	16.3194346165378	3.25604811280314e-07	7.02112800604451e-07
SYK	1.26960714285714	5.23703260869565	16.3060075690366	3.28617944700128e-07	7.06705257419631e-07
NPNT	1.32417142857143	5.04453913043478	16.2191361232987	3.48830849759989e-07	7.44172479487976e-07
CD74	1.21556309523809	9.46875217391304	16.1547187876052	3.64656533252983e-07	7.73806967115083e-07
ADRA2A	1.67392023809524	6.24871086956522	16.1462314532707	3.66796976026134e-07	7.74241638049888e-07
GPR34	1.61941785714285	6.99974130434783	16.0615541206309	3.88885806785083e-07	8.16558124483113e-07
BLNK	1.31082976190476	5.05367391304348	15.8166720197483	4.60950106628568e-07	9.57818403384037e-07
MBD3	1.071425	10.0744108695652	15.7307892967369	4.8942360755547e-07	1.01172838771157e-06
ITGAX	1.54601071428571	6.93385	15.6165066616342	5.30194924309127e-07	1.0903751656743e-06
RHOA	1.22125119047619	8.36593913043478	15.5768550261756	5.45158308595068e-07	1.11827345352834e-06
CLDN5	1.24651309523809	8.43925434782609	15.4705426592694	5.87498196074861e-07	1.19288973822307e-06
RAC2	1.16940833333333	4.8665	15.361812531414	6.34373638711853e-07	1.27512289188312e-06
CASP8	1.22955595238095	5.10708695652174	15.3093870451009	6.58357580767257e-07	1.31343158257807e-06
SLC1A3	1.83032976190475	12.4126065217391	14.766886020146	9.70222803539914e-07	1.91176907101461e-06
GJA1	1.87655714285714	10.2722260869565	14.537042254496	1.14587277387642e-06	2.21960827869525e-06
DOT1L	-1.00893571428571	4.88226086956522	14.3577449670128	1.30585355467608e-06	2.50523463726827e-06
LRRC25	1.24368928571428	5.1824652173913	14.3349725362293	1.32778476455367e-06	2.53514990845569e-06
FAS	1.014575	5.37882826086957	14.268518788741	1.39401356868461e-06	2.65526394035164e-06
CSF3R	1.28084642857143	6.03538043478261	13.5642897446014	2.3508809181769e-06	4.35871125479371e-06
PIK3R5	1.27054404761905	5.31281956521739	13.2331864114066	3.01887679158057e-06	5.51393021293254e-06
TNFSF10	1.06484761904762	6.47003260869565	12.9608379823767	3.71642756361169e-06	6.69626588038143e-06
CSF1R	1.15983095238095	5.13179130434783	12.6966140959117	4.55552807677833e-06	8.09871658093926e-06
GRAP	1.24574880952381	5.25682173913043	12.5197881253963	5.22599220888423e-06	9.18855772990634e-06
KCND1	-1.04923928571429	6.0688	12.2838745969835	6.28506136288219e-06	1.0906830998494e-05
LAMP2	1.08716547619047	10.7401391304348	11.9798202137246	7.99098297265983e-06	1.363067458023e-05
GJB1	1.71649642857143	6.33270217391304	11.9096490879562	8.44950761724334e-06	1.43211993512599e-05
GNA15	1.1747238095238	5.14360434782609	11.1376325246073	1.57597478601811e-05	2.58356522298051e-05
SERPING1	1.1606869047619	8.24343260869565	11.0246080118201	1.72914647784958e-05	2.8173466034209e-05
TYROBP	1.18239880952381	7.56247173913043	10.6234932674619	2.41084056444119e-05	3.88062867515684e-05
KCNK13	1.06458095238095	4.9141	10.4090047787999	2.88566794721859e-05	4.61706871554974e-05
TNFRSF10B	1.07611785714285	4.88202826086957	10.3540459299854	3.02241784565153e-05	4.82621612080084e-05
ITGB5	1.07280476190476	8.70209565217391	10.2816428198278	3.21298846067979e-05	5.11012081221437e-05
LGALS3	1.10100119047619	9.65895434782609	10.2498811233267	3.30051109467313e-05	5.22853242720496e-05
ENTPD2	1.35303571428571	5.38844347826087	10.244244720235	3.31630128318304e-05	5.24316408408385e-05
COTL1	1.04500952380952	8.80876304347826	10.1714240188072	3.52755473581922e-05	5.54429035099288e-05
PLA2G5	1.59777261904762	5.66919565217391	10.1515643017665	3.58757509083964e-05	5.62023009234892e-05
LIG1	-1.04489642857143	5.36591739130435	9.69605211532477	5.30154001811286e-05	8.09395422612651e-05
C3	1.42242499999999	7.55189782608696	8.92266342246586	0.000104547053864139	0.0001554603031437
CCL4	1.29682261904762	5.06497391304348	8.49226693442385	0.000153945184972307	0.000225974583445589
SIGLEC8	1.04021547619048	5.03701739130435	8.0031480951267	0.000240932673827503	0.000350447525567278
IRF8	1.15037976190476	5.90658043478261	7.86708227223377	0.000273336329286948	0.000394709500775377
SLC2A1	1.03242976190476	7.0964	7.54286836634039	0.000370259183352051	0.000530837538855987
MYCT1	1.00550833333333	5.42139782608696	7.3477837560247	0.00044531015944519	0.000633893465402406
CCL3	1.13430714285714	5.02533043478261	5.55585642945913	0.002606163073431	0.0034575961173214
CX3CR1	1.48330952380952	6.90127391304348	5.24866729682336	0.00357590669702777	0.0046515859473532
UNG	1.13221547619047	6.07169565217391	4.73130088960917	0.00614817937277359	0.0078696695971502
FCGR3A	1.09483571428571	5.83730217391304	4.35558615551408	0.00917917737153346	0.0115643179483886
